id,first_name,last_name,email,department,avatar
1,Augy,Duthie,aduthie0@usa.gov,Product Management,https://robohash.org/autquiporro.png?size=50x50&set=set1
2,Fred,Sneesby,fsneesby1@tripadvisor.com,Support,https://robohash.org/placeatperspiciatissunt.png?size=50x50&set=set1
3,Goldie,Astbury,gastbury2@princeton.edu,Services,https://robohash.org/accusamusestaperiam.png?size=50x50&set=set1
4,Chickie,Engelmann,cengelmann3@clickbank.net,Research and Development,https://robohash.org/autemetneque.png?size=50x50&set=set1
5,Chaim,Bowcock,cbowcock4@bing.com,Accounting,https://robohash.org/aperiamautquidem.png?size=50x50&set=set1
6,Hyacinthia,Lidgey,hlidgey5@nifty.com,Support,https://robohash.org/dictaetmagnam.png?size=50x50&set=set1
7,Nichols,Scrimshire,nscrimshire6@woothemes.com,Engineering,https://robohash.org/sitlaborearchitecto.png?size=50x50&set=set1
8,Elisha,Kane,ekane7@jigsy.com,Engineering,https://robohash.org/quaerattemporaquisquam.png?size=50x50&set=set1
9,Levey,Skeffington,lskeffington8@slate.com,Training,https://robohash.org/eumvoluptatumcumque.png?size=50x50&set=set1
10,Retha,Biaggioli,rbiaggioli9@gravatar.com,Product Management,https://robohash.org/ipsaillumimpedit.png?size=50x50&set=set1
11,Tallulah,Gusticke,tgustickea@skyrock.com,Engineering,https://robohash.org/dignissimoscommodiquaerat.png?size=50x50&set=set1
12,Theodora,Fetterplace,tfetterplaceb@webnode.com,Human Resources,https://robohash.org/quiblanditiisdolor.png?size=50x50&set=set1
13,Ailsun,Henfre,ahenfrec@twitter.com,Sales,https://robohash.org/voluptatumetet.png?size=50x50&set=set1
14,Allison,Hammerstone,ahammerstoned@intel.com,Marketing,https://robohash.org/quibusdamteneturofficia.png?size=50x50&set=set1
15,Clayborne,Colgrave,ccolgravee@bbb.org,Product Management,https://robohash.org/numquamfacereearum.png?size=50x50&set=set1
16,Salmon,Bushen,sbushenf@51.la,Human Resources,https://robohash.org/rerumautemmolestiae.png?size=50x50&set=set1
17,Hastie,Blowers,hblowersg@icio.us,Marketing,https://robohash.org/doloremquecommodiharum.png?size=50x50&set=set1
18,Winifield,Isaacson,wisaacsonh@nps.gov,Product Management,https://robohash.org/laborumexercitationemnon.png?size=50x50&set=set1
19,Ardene,Pennacci,apennaccii@people.com.cn,Research and Development,https://robohash.org/nostrumdoloresimpedit.png?size=50x50&set=set1
20,Jenine,Shoreson,jshoresonj@nifty.com,Business Development,https://robohash.org/nonquasiest.png?size=50x50&set=set1
21,Clayborne,Pennaman,cpennamank@dell.com,Legal,https://robohash.org/quiadveritatis.png?size=50x50&set=set1
22,Maurits,Olkowicz,molkowiczl@ow.ly,Product Management,https://robohash.org/illoquasquos.png?size=50x50&set=set1
23,Cheston,Stringman,cstringmanm@mtv.com,Human Resources,https://robohash.org/esseeaipsum.png?size=50x50&set=set1
24,Gianina,Poter,gpotern@163.com,Services,https://robohash.org/deseruntestut.png?size=50x50&set=set1
25,Bartolemo,Cornels,bcornelso@deviantart.com,Business Development,https://robohash.org/consecteturullamdeserunt.png?size=50x50&set=set1
26,Meg,Stebbings,mstebbingsp@nationalgeographic.com,Engineering,https://robohash.org/aliasrationesint.png?size=50x50&set=set1
27,Kingsly,Adrian,kadrianq@blinklist.com,Engineering,https://robohash.org/quaeratconsequatursoluta.png?size=50x50&set=set1
28,Perice,Fattore,pfattorer@nature.com,Engineering,https://robohash.org/etpraesentiumnon.png?size=50x50&set=set1
29,Iseabal,Ravenhill,iravenhills@friendfeed.com,Services,https://robohash.org/eacorruptiamet.png?size=50x50&set=set1
30,Odessa,Billitteri,obillitterit@virginia.edu,Human Resources,https://robohash.org/repudiandaesedrem.png?size=50x50&set=set1
31,Rois,Chastelain,rchastelainu@miitbeian.gov.cn,Legal,https://robohash.org/etutconsequuntur.png?size=50x50&set=set1
32,Fayina,Huscroft,fhuscroftv@boston.com,Training,https://robohash.org/dignissimosnamvelit.png?size=50x50&set=set1
33,Aloin,Halliberton,ahallibertonw@cdbaby.com,Business Development,https://robohash.org/vitaeveniamut.png?size=50x50&set=set1
34,Sibyl,Tomaszynski,stomaszynskix@t.co,Business Development,https://robohash.org/ipsumrecusandaeaut.png?size=50x50&set=set1
35,Andi,Chrstine,achrstiney@vinaora.com,Support,https://robohash.org/etrationesoluta.png?size=50x50&set=set1
36,Ryann,Duthie,rduthiez@ocn.ne.jp,Engineering,https://robohash.org/nihilnonrepellendus.png?size=50x50&set=set1
37,Amalea,Collett,acollett10@umn.edu,Business Development,https://robohash.org/inerrordolore.png?size=50x50&set=set1
38,Jamima,Heck,jheck11@quantcast.com,Marketing,https://robohash.org/uteosiste.png?size=50x50&set=set1
39,Casie,Huckfield,chuckfield12@godaddy.com,Support,https://robohash.org/oditdelectusminus.png?size=50x50&set=set1
40,Nanette,Yesinin,nyesinin13@whitehouse.gov,Legal,https://robohash.org/autquivoluptate.png?size=50x50&set=set1
41,Salaidh,Coxen,scoxen14@smugmug.com,Product Management,https://robohash.org/quofacilisimpedit.png?size=50x50&set=set1
42,Mathilde,Peschet,mpeschet15@blogtalkradio.com,Research and Development,https://robohash.org/nisiteneturvoluptas.png?size=50x50&set=set1
43,Orelee,Faithorn,ofaithorn16@cbslocal.com,Product Management,https://robohash.org/voluptatemessequibusdam.png?size=50x50&set=set1
44,Odilia,Abella,oabella17@dropbox.com,Support,https://robohash.org/inquiet.png?size=50x50&set=set1
45,Sindee,Hardy-Piggin,shardypiggin18@networkadvertising.org,Services,https://robohash.org/estremquaerat.png?size=50x50&set=set1
46,Romonda,Guillain,rguillain19@samsung.com,Business Development,https://robohash.org/atqueetratione.png?size=50x50&set=set1
47,Constantia,Batty,cbatty1a@sbwire.com,Engineering,https://robohash.org/atvoluptasnostrum.png?size=50x50&set=set1
48,Sansone,Challicombe,schallicombe1b@w3.org,Services,https://robohash.org/itaquedistinctioid.png?size=50x50&set=set1
49,Jone,MacGown,jmacgown1c@feedburner.com,Services,https://robohash.org/idaperiamad.png?size=50x50&set=set1
50,Marlin,Ramsay,mramsay1d@meetup.com,Human Resources,https://robohash.org/sedtemporaeveniet.png?size=50x50&set=set1
