Name,Surname,Date of Birth
Anna,Müller,20.01.1963
Ben,Schmidt,13.11.1990
Clara,Schneider,08.05.1955
David,Fischer,21.09.1967
Eva,Weber,29.09.1980
Felix,Meyer,25.05.1981
Greta,Wagner,28.08.1962
Hans,Becker,14.06.1983
Ingrid,Hoffmann,08.06.1966
Jonas,Schulz,16.06.1984
Klara,Koch,04.09.1984
Lukas,Bauer,07.03.1973
Mia,Richter,28.11.1951
Nina,Klein,24.07.1954
Oliver,Wolf,08.09.1974
Paula,Schräder,04.03.1962
Quentin,Neumann,28.06.1997
Rita,Schwarz,01.03.1970
Stefan,Zimmermann,03.09.1957
Tina,Braun,05.04.2002
Uwe,Kräger,06.03.1989
Vera,Hofmann,05.04.1994
Walter,Hartmann,12.11.2006
Xenia,Lange,18.08.2003
Yvonne,Schmitt,26.03.1951
Zacharias,Werner,02.07.1966
Alina,Krause,22.11.1966
Bruno,Meier,21.01.1994
Carla,Lehmann,13.09.1982
Dieter,Schmid,21.11.1974
